interest,vacancy,cpi,price,value,adj_price,adj_value,next_quarter
5.68,10.1,212.174,190000.0,206885.85326583963,89549.14362740015,97507.63678199949,90610.01449760231
5.67,10.1,212.687,190000.0,206885.85326583963,89333.15153253371,97272.4488407094,90563.54782350098
5.72,10.1,212.687,193000.0,206885.85326583963,90743.67497778425,97272.4488407094,91014.73922902494
6.04,10.1,212.687,189900.0,206885.85326583963,89286.1340843587,97272.4488407094,90610.01449760231
6.24,10.1,212.687,194900.0,205459.5219516688,91637.00649310958,96601.82425426508,92933.34820266905
6.03,10.1,213.448,190000.0,205459.5219516688,89014.65462314006,96257.4125555961,89670.42669327656
6.13,10.1,213.448,195000.0,205459.5219516688,91357.14553427532,96257.4125555961,91969.66840336057
5.87,10.1,213.448,198500.0,205459.5219516688,92996.88917207,96257.4125555961,94234.42148779333
5.85,10.1,213.448,199000.0,205459.5219516688,93231.13826318354,96257.4125555961,94268.91011344458
5.88,10.0,213.942,195000.0,203970.06759150804,91146.19850239783,95338.95522688767,91317.52931292691
5.88,10.0,213.942,195000.0,203970.06759150804,91146.19850239783,95338.95522688767,91317.52931292691
5.88,10.0,213.942,196000.0,203970.06759150804,91613.61490497425,95338.95522688767,92915.58607590313
6.03,10.0,213.942,192500.0,203970.06759150804,89977.65749595685,95338.95522688767,91317.52931292691
6.06,10.0,215.208,195000.0,202618.806207394,90610.01449760231,94150.22034840433,91317.52931292691
6.05,10.0,215.208,194900.0,202618.806207394,90563.54782350098,94150.22034840433,89167.31446339568
6.01,10.0,215.208,195871.0,202618.806207394,91014.73922902494,94150.22034840433,91453.655859893
5.98,10.0,215.208,195000.0,202618.806207394,90610.01449760231,94150.22034840433,90310.48516164433
6.08,10.0,215.208,200000.0,202618.806207394,92933.34820266905,94150.22034840433,91453.655859893
6.09,10.0,217.463,195000.0,201057.2997280722,89670.42669327656,92455.86593032938,85892.99012687491
6.32,10.0,217.463,200000.0,201057.2997280722,91969.66840336057,92455.86593032938,88634.25576922197
6.42,10.0,217.463,204925.0,201057.2997280722,94234.42148779333,92455.86593032938,87217.93518734266
6.45,10.0,217.463,205000.0,201057.2997280722,94268.91011344458,92455.86593032938,86704.8616346167
6.35,9.9,219.016,200000.0,199228.5903880199,91317.52931292691,90965.31321365558,86637.9409663817
6.37,9.9,219.016,200000.0,199228.5903880199,91317.52931292691,90965.31321365558,86637.9409663817
6.26,9.9,219.016,203500.0,199228.5903880199,92915.58607590313,90965.31321365558,87559.62118942832
6.63,9.9,219.016,200000.0,199228.5903880199,91317.52931292691,90965.31321365558,86637.9409663817
6.52,9.9,219.016,200000.0,197018.52530125904,91317.52931292691,89956.22479693677,88020.46130095163
6.52,9.9,218.69,195000.0,197018.52530125904,89167.31446339568,90090.32205462483,85853.82331001676
6.52,9.9,218.69,200000.0,197018.52530125904,91453.655859893,90090.32205462483,87730.40961187505
6.47,9.9,218.69,197500.0,197018.52530125904,90310.48516164433,90090.32205462483,86792.1164609459
6.4,9.9,218.69,200000.0,197018.52530125904,91453.655859893,90090.32205462483,85147.44699571424
6.35,9.9,218.877,188000.0,195342.1776584972,85892.99012687491,89247.4666860827,87512.65385670631
5.93,9.9,218.877,194000.0,195342.1776584972,88634.25576922197,89247.4666860827,87512.65385670631
5.78,9.9,218.877,190900.0,195342.1776584972,87217.93518734266,89247.4666860827,86206.48978686662
6.09,9.9,218.877,189777.0,195342.1776584972,86704.8616346167,89247.4666860827,83184.30824836151
6.1,10.1,216.995,188000.0,193446.59888237424,86637.9409663817,89147.95220275778,82573.26607937415
5.94,10.1,216.995,188000.0,193446.59888237424,86637.9409663817,89147.95220275778,82573.26607937415
6.46,10.1,216.995,190000.0,193446.59888237424,87559.62118942832,89147.95220275778,83988.80778359198
6.04,10.1,216.995,188000.0,193446.59888237424,86637.9409663817,89147.95220275778,79922.89791025128
6.46,10.1,216.995,191000.0,190955.58049026248,88020.46130095163,87999.99100913039,79922.89791025128
6.2,10.1,213.153,183000.0,190955.58049026248,85853.82331001676,89586.15665285617,82273.57137819985
6.14,10.1,213.153,187000.0,190955.58049026248,87730.40961187505,89586.15665285617,82743.70607178957
6.04,10.1,213.153,185000.0,190955.58049026248,86792.1164609459,89586.15665285617,80990.1409444928
5.53,10.1,211.398,180000.0,189104.6260055704,85147.44699571424,89454.31177474261,81472.50523541731
5.47,10.1,211.398,185000.0,189104.6260055704,87512.65385670631,89454.31177474261,82354.87893832795
5.19,10.1,211.398,185000.0,189104.6260055704,87512.65385670631,89454.31177474261,80943.0810136709
5.1,10.1,211.933,182700.0,187156.23704525316,86206.48978686662,88309.15291401205,82272.02422088393
5.01,10.1,211.933,176295.0,187156.23704525316,83184.30824836151,88309.15291401205,79921.39495743011
4.96,10.1,211.933,175000.0,187156.23704525316,82573.26607937415,88309.15291401205,79921.39495743011
5.12,10.1,211.933,175000.0,187156.23704525316,82573.26607937415,88309.15291401205,79921.39495743011
5.1,10.1,211.933,178000.0,187156.23704525316,83988.80778359198,88309.15291401205,83212.27592626546
5.25,10.1,212.705,170000.0,185899.9102148364,79922.89791025128,87397.99732720734,80977.55161438725
5.16,10.1,212.705,170000.0,185899.9102148364,79922.89791025128,87397.99732720734,82151.13931894359
5.04,10.1,212.705,175000.0,185899.9102148364,82273.57137819985,87397.99732720734,82151.13931894359
5.07,10.1,212.705,176000.0,185899.9102148364,82743.70607178957,87397.99732720734,85437.18489170133
5.15,10.1,212.495,172100.0,184641.894402142,80990.1409444928,86892.3477738968,83337.21309185716
5.03,10.1,212.495,173125.0,184641.894402142,81472.50523541731,86892.3477738968,83802.7841147167
4.98,10.1,212.495,175000.0,184641.894402142,82354.87893832795,86892.3477738968,86130.63922901438
4.85,10.1,212.495,172000.0,184641.894402142,80943.0810136709,86892.3477738968,86130.63922901438
4.78,10.6,212.709,175000.0,183437.09746366224,82272.02422088393,86238.52186022323,87041.15943108892
4.87,10.6,212.709,170000.0,183437.09746366224,79921.39495743011,86238.52186022323,83827.76189189944
4.82,10.6,212.709,170000.0,183437.09746366224,79921.39495743011,86238.52186022323,85224.89125676443
4.8,10.6,212.709,170000.0,183437.09746366224,79921.39495743011,86238.52186022323,83827.76189189944
4.78,10.6,212.709,177000.0,182488.49252057823,83212.27592626546,85792.55815248919,86156.3108333411
4.84,10.6,213.022,172500.0,182488.49252057823,80977.55161438725,85666.50041806867,83548.00529137367
4.86,10.6,213.022,175000.0,182488.49252057823,82151.13931894359,85666.50041806867,84894.05648773469
4.82,10.6,213.022,175000.0,182488.49252057823,82151.13931894359,85666.50041806867,84012.16087632574
4.91,10.6,213.022,182000.0,182488.49252057823,85437.18489170133,85666.50041806867,84012.16087632574
5.29,10.6,214.79,179000.0,181698.7270946458,83337.21309185716,84593.66222573015,81810.98021411928
5.59,10.6,214.79,180000.0,181698.7270946458,83802.7841147167,84593.66222573015,81302.3195482278
5.38,10.6,214.79,185000.0,181698.7270946458,86130.63922901438,84593.66222573015,81533.95008825124
5.42,10.6,214.79,185000.0,181698.7270946458,86130.63922901438,84593.66222573015,81070.68900820437
5.32,11.1,214.726,186900.0,180896.31725765468,87041.15943108892,84245.18561220098,81289.9232826349
5.2,11.1,214.726,180000.0,180896.31725765468,83827.76189189944,84245.18561220098,79442.4250262114
5.14,11.1,214.726,183000.0,180896.31725765468,85224.89125676443,84245.18561220098,80828.04871852903
5.2,11.1,214.726,180000.0,180896.31725765468,83827.76189189944,84245.18561220098,80781.86126211843
5.25,11.1,214.726,185000.0,179953.65033961038,86156.3108333411,83806.17640137215,80828.04871852903
5.22,11.1,215.445,180000.0,179953.65033961038,83548.00529137367,83526.4918376432,80512.25867037388
5.29,11.1,215.445,182900.0,179953.65033961038,84894.05648773469,83526.4918376432,78256.62649493173
5.12,11.1,215.445,181000.0,179953.65033961038,84012.16087632574,83526.4918376432,80558.29198007678
5.14,11.1,215.445,181000.0,179953.65033961038,84012.16087632574,83526.4918376432,79136.12794287477
5.08,11.1,215.861,176598.0,179158.20989627295,81810.98021411928,82997.0258158134,81666.6436619783
5.07,11.1,215.861,175500.0,179158.20989627295,81302.3195482278,82997.0258158134,82816.87807975266
5.04,11.1,215.861,176000.0,179158.20989627295,81533.95008825124,82997.0258158134,82770.86870304168
5.04,11.1,215.861,175000.0,179158.20989627295,81070.68900820437,82997.0258158134,82080.72805237708
4.94,10.7,216.509,176000.0,178773.05167859682,81289.9232826349,82570.7253179299,80418.22997130877
4.87,10.7,216.509,172000.0,178773.05167859682,79442.4250262114,82570.7253179299,81383.80048554404
4.92,10.7,216.509,175000.0,178773.05167859682,80828.04871852903,82570.7253179299,79314.72081218274
5.0,10.7,216.509,174900.0,178773.05167859682,80781.86126211843,82570.7253179299,81383.80048554404
5.03,10.7,216.509,175000.0,178773.05167859682,80828.04871852903,82570.7253179299,78239.69882318287
4.98,10.7,217.234,174900.0,178764.95706436585,80512.25867037388,82291.42632569757,75018.06416575769
4.91,10.7,217.234,170000.0,178764.95706436585,78256.62649493173,82291.42632569757,78193.67547093396
4.83,10.7,217.234,175000.0,178764.95706436585,80558.29198007678,82291.42632569757,80494.84308338052
4.71,10.7,217.347,172000.0,178389.58446026,79136.12794287477,82075.93592746161,78213.78126825945
4.81,10.7,217.347,177500.0,178389.58446026,81666.6436619783,82075.93592746161,78213.78126825945
4.94,10.7,217.347,180000.0,178389.58446026,82816.87807975266,82075.93592746161,85068.98915588927
5.05,10.7,217.347,179900.0,178389.58446026,82770.86870304168,82075.93592746161,78213.78126825945
5.14,10.7,217.347,178400.0,177994.62802979865,82080.72805237708,81894.21893552644,80495.66933298988
5.09,10.6,217.488,174900.0,177994.62802979865,80418.22997130877,81841.12596087999,78149.7955409999
5.06,10.6,217.488,177000.0,177994.62802979865,81383.80048554404,81841.12596087999,78195.79306633303
4.99,10.6,217.488,172500.0,177994.62802979865,79314.72081218274,81841.12596087999,77275.8425596703
4.98,10.6,217.488,177000.0,177994.62802979865,81383.80048554404,81841.12596087999,78425.78069299871
5.01,10.6,217.281,170000.0,177890.3320220556,78239.69882318287,81871.09412330374,80491.50904321414
4.97,10.6,217.281,163000.0,177890.3320220556,75018.06416575769,81871.09412330374,78696.67264945465
4.93,10.6,217.281,169900.0,177890.3320220556,78193.67547093396,81871.09412330374,79571.08012333748
5.05,10.6,217.281,174900.0,177890.3320220556,80494.84308338052,81871.09412330374,81711.07736205072
4.97,10.6,217.353,170000.0,178168.57462651766,78213.78126825945,81971.98779244715,80525.23262077633
4.95,10.6,217.353,170000.0,178168.57462651766,78213.78126825945,81971.98779244715,80571.27334840399
4.96,10.6,217.353,184900.0,178168.57462651766,85068.98915588927,81971.98779244715,82873.30972978697
4.99,10.6,217.353,170000.0,178168.57462651766,78213.78126825945,81971.98779244715,85175.34611116994
5.08,10.6,217.403,175000.0,178693.51262749606,80495.66933298988,82194.59373950501,85475.97711449646
5.21,10.6,217.403,169900.0,178693.51262749606,78149.7955409999,82194.59373950501,84097.33232232716
5.07,10.6,217.403,170000.0,178693.51262749606,78195.79306633303,82194.59373950501,86854.62190666575
5.07,10.6,217.403,168000.0,178693.51262749606,77275.8425596703,82194.59373950501,85016.42885044002
5.06,10.6,217.403,170500.0,178624.131294714,78425.78069299871,82162.6800433821,85475.97711449646
5.0,10.6,217.29,174900.0,178624.131294714,80491.50904321414,82205.40811575038,82597.98185597666
4.93,10.6,217.29,171000.0,178624.131294714,78696.67264945465,82205.40811575038,84892.37024086488
4.84,10.6,217.29,172900.0,178624.131294714,79571.08012333748,82205.40811575038,84892.37024086488
4.78,10.6,217.29,177550.0,178624.131294714,81711.07736205072,82205.40811575038,84892.37024086488
4.79,10.6,217.199,174900.0,178069.5495527114,80525.23262077633,81984.51629736388,84709.65525140305
4.72,10.6,217.199,175000.0,178069.5495527114,80571.27334840399,81984.51629736388,82464.7806665903
4.75,10.6,217.199,180000.0,178069.5495527114,82873.30972978697,81984.51629736388,82041.00332149811
4.69,10.6,217.199,185000.0,178069.5495527114,85175.34611116994,81984.51629736388,80558.92795785134
4.58,10.3,217.605,186000.0,176940.2680302527,85475.97711449646,81312.59301498251,82464.7806665903
4.57,10.3,217.605,183000.0,176940.2680302527,84097.33232232716,81312.59301498251,78937.15616225718
4.57,10.3,217.605,189000.0,176940.2680302527,86854.62190666575,81312.59301498251,79895.907046819
4.56,10.3,217.605,185000.0,176940.2680302527,85016.42885044002,81312.59301498251,79895.907046819
4.54,10.3,217.605,186000.0,176940.2680302527,85475.97711449646,81312.59301498251,81676.4444038624
4.49,10.3,217.923,180000.0,175999.31843742184,82597.98185597666,80762.15839421347,79003.14221959106
4.44,10.3,217.923,185000.0,175999.31843742184,84892.37024086488,80762.15839421347,79693.97513547975
4.42,10.3,217.923,185000.0,175999.31843742184,84892.37024086488,80762.15839421347,81287.85463818935
4.36,10.3,217.923,185000.0,175999.31843742184,84892.37024086488,80762.15839421347,81189.4480931819
4.32,10.3,218.275,184900.0,174652.84447326264,84709.65525140305,80015.04729046507,80055.51725389165
4.35,10.3,218.275,180000.0,174652.84447326264,82464.7806665903,80015.04729046507,81643.020428898
4.37,10.3,218.275,179075.0,174652.84447326264,82041.00332149811,80015.04729046507,80962.66192532385
4.37,10.3,218.275,175840.0,174652.84447326264,80558.92795785134,80015.04729046507,79375.1587503175
4.32,10.3,218.275,180000.0,173449.0269051419,82464.7806665903,79463.53311425581,76858.04319422027
4.27,9.4,219.035,172900.0,173449.0269051419,78937.15616225718,79187.81331985386,78771.35636361993
4.19,9.4,219.035,175000.0,173449.0269051419,79895.907046819,79187.81331985386,75953.8309213471
4.21,9.4,219.035,175000.0,173449.0269051419,79895.907046819,79187.81331985386,75275.6717166922
4.23,9.4,219.035,178900.0,173449.0269051419,81676.4444038624,79187.81331985386,76611.77658203318
4.24,9.4,219.59,173483.0,172214.02759934097,79003.14221959106,78425.25961990118,72105.20148897241
4.17,9.4,219.59,175000.0,172214.02759934097,79693.97513547975,78425.25961990118,75259.80405411495
4.39,9.4,219.59,178500.0,172214.02759934097,81287.85463818935,78425.25961990118,76161.11907272712
4.46,9.4,220.472,179000.0,171121.3168724921,81189.4480931819,77615.89538467111,76217.46186885217
4.61,9.4,220.472,176500.0,171121.3168724921,80055.51725389165,77615.89538467111,73975.77181388592
4.83,9.4,220.472,180000.0,171121.3168724921,81643.020428898,77615.89538467111,73975.77181388592
4.81,9.4,220.472,178500.0,171121.3168724921,80962.66192532385,77615.89538467111,73079.09579189942
4.86,9.4,220.472,175000.0,169947.60367366948,79375.1587503175,77083.53154762031,76217.46186885217
4.77,9.7,221.187,170000.0,169947.60367366948,76858.04319422027,76834.35449355951,73630.14462745379
4.71,9.7,221.187,174232.0,169947.60367366948,78771.35636361993,76834.35449355951,73630.14462745379
4.74,9.7,221.187,168000.0,169947.60367366948,75953.8309213471,76834.35449355951,74522.63122899868
4.8,9.7,221.187,166500.0,169947.60367366948,75275.6717166922,76834.35449355951,75861.36113131602
4.81,9.7,221.898,170000.0,169110.0740531543,76611.77658203318,76210.72477136085,74508.6874905474
5.05,9.7,221.898,160000.0,169110.0740531543,72105.20148897241,76210.72477136085,75155.02255277884
5.0,9.7,221.898,167000.0,169110.0740531543,75259.80405411495,76210.72477136085,76287.99943062017
4.95,9.7,221.898,169000.0,169110.0740531543,76161.11907272712,76210.72477136085,77844.89737818384
4.87,9.7,223.046,170000.0,168514.82005493992,76217.46186885217,75551.59924631687,77844.89737818384
4.88,9.7,223.046,165000.0,168514.82005493992,73975.77181388592,75551.59924631687,76491.73064775851
4.76,9.7,223.046,165000.0,168514.82005493992,73975.77181388592,75551.59924631687,78289.72536320204
4.81,9.7,223.046,163000.0,168514.82005493992,73079.09579189942,75551.59924631687,79179.38133323843
4.86,9.7,223.046,170000.0,167704.63925853602,76217.46186885217,75188.36439951221,82070.76323585669
4.87,9.2,224.093,165000.0,167704.63925853602,73630.14462745379,74837.07177758164,77641.47385700658
4.91,9.2,224.093,165000.0,167704.63925853602,73630.14462745379,74837.07177758164,78085.13942190376
4.8,9.2,224.093,167000.0,167704.63925853602,74522.63122899868,74837.07177758164,77641.47385700658
4.78,9.2,224.093,170000.0,167704.63925853602,75861.36113131602,74837.07177758164,77863.30663945517
4.71,9.2,224.806,167500.0,167083.3998023194,74508.6874905474,74323.37206405497,76070.5155988784
4.63,9.2,224.806,168953.0,167083.3998023194,75155.02255277884,74323.37206405497,77397.32691746349
4.61,9.2,224.806,171500.0,167083.3998023194,76287.99943062017,74323.37206405497,77397.32691746349
4.6,9.2,224.806,175000.0,167083.3998023194,77844.89737818384,74323.37206405497,76512.78603840676
4.55,9.2,224.806,175000.0,166629.38434618487,77844.89737818384,74121.41328353553,76346.99488519266
4.49,9.2,224.806,171958.0,166629.38434618487,76491.73064775851,74121.41328353553,72956.3939504936
4.5,9.2,224.806,176000.0,166629.38434618487,78289.72536320204,74121.41328353553,75023.05855770376
4.5,9.2,224.806,178000.0,166629.38434618487,79179.38133323843,74121.41328353553,73257.81012105191
4.51,9.2,224.806,184500.0,166216.86972150858,82070.76323585669,73937.91523425022,75146.62594826939
4.6,9.8,225.395,175000.0,166216.86972150858,77641.47385700658,73744.70140043416,72767.36493936053
4.51,9.8,225.395,176000.0,166216.86972150858,78085.13942190376,73744.70140043416,72767.36493936053
4.52,9.8,225.395,175000.0,166216.86972150858,77641.47385700658,73744.70140043416,72767.36493936053
4.55,9.8,225.395,175500.0,166216.86972150858,77863.30663945517,73744.70140043416,73649.39360529218
4.39,9.8,226.106,172000.0,165659.53044748056,76070.5155988784,73266.31334306943,72633.14976955483
4.32,9.8,226.106,175000.0,165659.53044748056,77397.32691746349,73266.31334306943,72192.94886186055
4.15,9.8,226.106,175000.0,165659.53044748056,77397.32691746349,73266.31334306943,74614.05385417904
4.22,9.8,226.106,173000.0,165659.53044748056,76512.78603840676,73266.31334306943,74816.36982171699
4.22,9.8,226.597,173000.0,165137.9794960664,76346.99488519266,72877.39003431925,72285.81613657068
4.12,9.8,226.597,165317.0,165137.9794960664,72956.3939504936,72877.39003431925,74816.36982171699
4.09,9.8,226.597,170000.0,165137.9794960664,75023.05855770376,72877.39003431925,73936.17723557915
4.09,9.8,226.597,166000.0,165137.9794960664,73257.81012105191,72877.39003431925,72615.88835637238
4.01,9.8,226.597,170280.0,164437.94130346883,75146.62594826939,72568.4547030494,70930.29380008954
3.94,9.4,226.75,165000.0,164437.94130346883,72767.36493936053,72519.4889982222,70224.1026676381
4.12,9.4,226.75,165000.0,164437.94130346883,72767.36493936053,72519.4889982222,70224.1026676381
4.11,9.4,226.75,165000.0,164437.94130346883,72767.36493936053,72519.4889982222,70180.21260347082
4.1,9.4,226.75,167000.0,164437.94130346883,73649.39360529218,72519.4889982222,70074.32257838469
4.0,9.4,227.169,165000.0,163951.1966082088,72633.14976955483,72171.46556449549,67884.49999781018
3.99,9.4,227.169,164000.0,163951.1966082088,72192.94886186055,72171.46556449549,69636.35806226979
4.0,9.4,227.169,169500.0,163951.1966082088,74614.05385417904,72171.46556449549,69855.34032032725
4.0,9.4,227.223,170000.0,163492.1919664552,74816.36982171699,71952.30763014975,72113.1783555573
3.99,9.4,227.223,164250.0,163492.1919664552,72285.81613657068,71952.30763014975,71020.55444107916
3.94,9.4,227.223,170000.0,163492.1919664552,74816.36982171699,71952.30763014975,72113.1783555573
3.91,9.4,227.223,168000.0,163492.1919664552,73936.17723557915,71952.30763014975,71457.60400687042
3.95,9.4,227.223,165000.0,163492.1919664552,72615.88835637238,71952.30763014975,74079.90140161796
3.91,8.8,227.842,161609.0,163229.10715449916,70930.29380008954,71641.3598697778,74175.23681535164
3.89,8.8,227.842,160000.0,163229.10715449916,70224.1026676381,71641.3598697778,72748.45431896223
3.88,8.8,227.842,160000.0,163229.10715449916,70224.1026676381,71641.3598697778,74175.23681535164
3.98,8.8,227.842,159900.0,163229.10715449916,70180.21260347082,71641.3598697778,75266.04912145977
3.87,8.8,228.329,160000.0,163227.2308682012,70074.32257838469,71487.73518396752,76777.4459694027
3.87,8.8,228.329,155000.0,163227.2308682012,67884.49999781018,71487.73518396752,75203.4208811917
3.87,8.8,228.329,159000.0,163227.2308682012,69636.35806226979,71487.73518396752,76515.10845470088
3.95,8.8,228.329,159500.0,163227.2308682012,69855.34032032725,71487.73518396752,76952.33764587059
3.9,8.8,228.807,165000.0,164016.10281359227,72113.1783555573,71683.16651745458,80887.40036639805
3.88,8.8,228.807,162500.0,164016.10281359227,71020.55444107916,71683.16651745458,78766.3440163834
3.92,8.8,228.807,165000.0,164016.10281359227,72113.1783555573,71683.16651745458,80735.50261679299
4.08,8.8,228.807,163500.0,164016.10281359227,71457.60400687042,71683.16651745458,80297.91181670196
3.99,8.8,228.807,169500.0,164016.10281359227,74079.90140161796,71683.16651745458,82267.07041711155
3.98,8.6,229.187,170000.0,164697.75807779745,74175.23681535164,71861.73651987131,80055.99545036965
3.88,8.6,229.187,166730.0,164697.75807779745,72748.45431896223,71861.73651987131,80055.99545036965
3.9,8.6,229.187,170000.0,164697.75807779745,74175.23681535164,71861.73651987131,80055.99545036965
3.88,8.6,229.187,172500.0,164697.75807779745,75266.04912145977,71861.73651987131,79618.53099435671
3.84,8.6,228.713,175600.0,165440.5812380169,76777.4459694027,72335.45152134636,80463.4695848085
3.83,8.6,228.713,172000.0,165440.5812380169,75203.4208811917,72335.45152134636,78285.30171626405
3.79,8.6,228.713,175000.0,165440.5812380169,76515.10845470088,72335.45152134636,79593.5942379457
3.78,8.6,228.713,176000.0,165440.5812380169,76952.33764587059,72335.45152134636,78288.78121765151
3.75,8.6,228.713,185000.0,166105.36159120844,80887.40036639805,72626.11289747783,80463.4695848085
3.67,8.6,228.524,180000.0,166105.36159120844,78766.3440163834,72686.1780781049,76185.52907819838
3.71,8.6,228.524,184500.0,166105.36159120844,80735.50261679299,72686.1780781049,77484.14605112222
3.66,8.6,228.524,183500.0,166105.36159120844,80297.91181670196,72686.1780781049,76834.83756466031
3.66,8.6,228.524,188000.0,166105.36159120844,82267.07041711155,72686.1780781049,77700.5822132762
3.62,8.6,228.59,183000.0,166612.79505998135,80055.99545036965,72887.1757557117,76958.44377865462
3.56,8.6,228.59,183000.0,166612.79505998135,80055.99545036965,72887.1757557117,75548.91684438649
3.53,8.6,228.59,183000.0,166612.79505998135,80055.99545036965,72887.1757557117,76412.33303689376
3.49,8.6,228.59,182000.0,166612.79505998135,79618.53099435671,72887.1757557117,75548.91684438649
3.55,8.6,229.918,185000.0,167038.07435747542,80463.4695848085,72651.15143550109,75676.00292325589
3.59,8.6,229.918,179992.0,167038.07435747542,78285.30171626405,72651.15143550109,76108.4372256745
3.62,8.6,229.918,183000.0,167038.07435747542,79593.5942379457,72651.15143550109,78270.60873776751
3.66,8.6,229.918,180000.0,167038.07435747542,78288.78121765151,72651.15143550109,79957.10251720008
3.59,8.6,229.918,185000.0,167520.45954587567,80463.4695848085,72860.95892704166,77415.11367912084
3.55,8.6,231.015,176000.0,167520.45954587567,76185.52907819838,72514.97069275833,78496.33035061693
3.55,8.6,231.015,179000.0,167520.45954587567,77484.14605112222,72514.97069275833,78928.81701921539
3.49,8.6,231.015,177500.0,167520.45954587567,76834.83756466031,72514.97069275833,80862.464914519
3.4,8.6,231.015,179500.0,167520.45954587567,77700.5822132762,72514.97069275833,77693.7055149582
3.36,8.7,231.638,178265.0,168098.8769538876,76958.44377865462,72569.64615213721,75535.54702843158
3.39,8.7,231.638,175000.0,168098.8769538876,75548.91684438649,72569.64615213721,75535.54702843158
3.37,8.7,231.638,177000.0,168098.8769538876,76412.33303689376,72569.64615213721,73377.38854190496
3.41,8.7,231.638,175000.0,168098.8769538876,75548.91684438649,72569.64615213721,75535.54702843158
3.39,8.7,231.249,175000.0,168745.4661400041,75676.00292325589,72971.32793655503,71907.85491356031
3.4,8.7,231.249,176000.0,168745.4661400041,76108.4372256745,72971.32793655503,74483.65867165799
3.34,8.7,231.249,181000.0,168745.4661400041,78270.60873776751,72971.32793655503,74054.35804530839
3.32,8.7,231.249,184900.0,169438.3454444862,79957.10251720008,73270.95271524903,77918.06368245491
3.34,8.7,231.221,179000.0,169438.3454444862,77415.11367912084,73279.82555411757,75339.45807251529
3.32,8.7,231.221,181500.0,169438.3454444862,78496.33035061693,73279.82555411757,77448.96289854574
3.37,8.7,231.221,182500.0,169438.3454444862,78928.81701921539,73279.82555411757,77492.01401744431
3.35,8.7,231.221,186971.0,169438.3454444862,80862.464914519,73279.82555411757,81151.35912382363
3.34,8.6,231.679,180000.0,170460.92347845258,77693.7055149582,73576.33772523732,78085.5662497789
3.4,8.6,231.679,175000.0,170460.92347845258,75535.54702843158,73576.33772523732,78516.97821800972
3.38,8.6,231.679,175000.0,170460.92347845258,75535.54702843158,73576.33772523732,79811.2141227022
3.42,8.6,231.679,170000.0,170460.92347845258,73377.38854190496,73576.33772523732,80364.2842659741
3.53,8.6,231.679,175000.0,171570.14143501103,75535.54702843158,74055.11135450819,83012.42383340592
3.53,8.6,232.937,167500.0,171570.14143501103,71907.85491356031,73655.16918094206,81287.49035115333
3.53,8.6,232.937,173500.0,171570.14143501103,74483.65867165799,73655.16918094206,83874.89057453221
3.56,8.6,232.937,172500.0,171570.14143501103,74054.35804530839,73655.16918094206,82365.5737775612
3.51,8.6,232.937,181500.0,173185.58680737898,77918.06368245491,74348.6808911332,86246.67411262954
3.52,8.6,232.282,175000.0,173185.58680737898,75339.45807251529,74558.3328916485,83890.81288046636
3.63,8.6,232.282,179900.0,173185.58680737898,77448.96289854574,74558.3328916485,86041.85936458087
3.54,8.6,232.282,180000.0,173185.58680737898,77492.01401744431,74558.3328916485,86041.85936458087
3.57,8.6,232.282,188500.0,173185.58680737898,81151.35912382363,74558.3328916485,90169.71756759664
3.54,8.2,231.797,181000.0,174755.62967944297,78085.5662497789,75391.67015942525,87161.87204808931
3.43,8.2,231.797,182000.0,174755.62967944297,78516.97821800972,75391.67015942525,88020.6097037355
3.41,8.2,231.797,185000.0,174755.62967944297,79811.2141227022,75391.67015942525,85873.76556462001
3.4,8.2,231.797,186282.0,174755.62967944297,80364.2842659741,75391.67015942525,87810.97937084505
3.35,8.2,231.893,192500.0,176382.9725399791,83012.42383340592,76062.2237583623,85240.90192584471
3.42,8.2,231.893,188500.0,176382.9725399791,81287.49035115333,76062.2237583623,86525.94064834487
3.51,8.2,231.893,194500.0,176382.9725399791,83874.89057453221,76062.2237583623,85669.2481666781
3.59,8.2,231.893,191000.0,176382.9725399791,82365.5737775612,76062.2237583623,86525.94064834487
3.81,8.2,231.893,200000.0,177991.12466534326,86246.67411262954,76755.71261976138,83496.0435720892
3.91,8.2,232.445,195000.0,177991.12466534326,83890.81288046636,76573.43658299523,82982.22176549173
3.98,8.2,232.445,200000.0,177991.12466534326,86041.85936458087,76573.43658299523,83496.0435720892
3.93,8.2,232.445,200000.0,177991.12466534326,86041.85936458087,76573.43658299523,83496.0435720892
4.46,8.2,232.445,209595.0,177991.12466534326,90169.71756759664,76573.43658299523,83451.37780364533
4.51,8.3,232.9,203000.0,179296.22952173985,87161.87204808931,76984.21190285093,82167.51045282002
4.37,8.3,232.9,205000.0,179296.22952173985,88020.6097037355,76984.21190285093,84735.24515447064
4.31,8.3,232.9,200000.0,179296.22952173985,85873.76556462001,76984.21190285093,83451.37780364533
4.39,8.3,233.456,205000.0,180330.04408477715,87810.97937084505,77243.69649303387,83451.37780364533
4.4,8.3,233.456,199000.0,180330.04408477715,85240.90192584471,77243.69649303387,80734.72874839812
4.4,8.3,233.456,202000.0,180330.04408477715,86525.94064834487,77243.69649303387,81589.06450234943
4.58,8.3,233.456,200000.0,180330.04408477715,85669.2481666781,77243.69649303387,83276.37761640325
4.51,8.3,233.456,202000.0,180330.04408477715,86525.94064834487,77243.69649303387,83078.06355684882
4.57,8.3,233.544,195000.0,181381.6970052668,83496.0435720892,77664.89269913454,84356.18761156958
4.57,8.3,233.544,193800.0,181381.6970052668,82982.22176549173,77664.89269913454,85208.27031471675
4.5,8.3,233.544,195000.0,181381.6970052668,83496.0435720892,77664.89269913454,83356.69460077795
4.32,8.3,233.544,195000.0,181381.6970052668,83496.0435720892,77664.89269913454,81177.11060487572
4.22,8.2,233.669,195000.0,182343.66802099196,83451.37780364533,78035.0273339604,82239.63823059399
4.23,8.2,233.669,192000.0,182343.66802099196,82167.51045282002,78035.0273339604,80752.09955458842
4.28,8.2,233.669,198000.0,182343.66802099196,84735.24515447064,78035.0273339604,78627.04430315188
4.13,8.2,233.669,195000.0,182343.66802099196,83451.37780364533,78035.0273339604,80752.09955458842
4.1,8.2,233.669,195000.0,182990.9578221441,83451.37780364533,78312.03874803422,78116.04478087176
4.16,8.2,234.1,189000.0,182990.9578221441,80734.72874839812,78167.85895862627,78752.86036332452
4.35,8.2,234.1,191000.0,182990.9578221441,81589.06450234943,78167.85895862627,79814.21966741246
4.22,8.2,234.1,194950.0,182990.9578221441,83276.37761640325,78167.85895862627,81512.39455395314
4.46,8.2,234.719,195000.0,183859.63482202083,83078.06355684882,78331.8073193993,80498.9238564916
4.42,8.2,234.719,198000.0,183859.63482202083,84356.18761156958,78331.8073193993,80498.9238564916
4.47,8.2,234.719,200000.0,183859.63482202083,85208.27031471675,78331.8073193993,80498.9238564916
4.48,8.2,234.719,195654.0,183859.63482202083,83356.69460077795,78331.8073193993,83464.67368278341
4.53,8.3,235.288,191000.0,184746.3962820641,81177.11060487572,78519.25992063517,82421.30013363331
4.51,8.3,235.288,193500.0,184746.3962820641,82239.63823059399,78519.25992063517,82040.69895292386
4.41,8.3,235.288,190000.0,184746.3962820641,80752.09955458842,78519.25992063517,83415.09210548573
4.39,8.3,235.288,185000.0,184746.3962820641,78627.04430315188,78519.25992063517,82463.58915371214
4.32,8.3,235.288,190000.0,185654.30986879763,80752.09955458842,78905.13322770291,84417.39335972784
4.23,8.3,235.547,184000.0,185654.30986879763,78116.04478087176,78818.3716493089,83573.21942613056
4.28,8.3,235.547,185500.0,185654.30986879763,78752.86036332452,78818.3716493089,84417.39335972784
4.33,8.3,235.547,188000.0,185654.30986879763,79814.21966741246,78818.3716493089,84643.20988696511
4.37,8.3,235.547,192000.0,186463.2530338505,81512.39455395314,79161.80339119177,87372.00212731831
4.28,8.3,236.028,190000.0,186463.2530338505,80498.9238564916,79000.48004213504,85844.59872445001
4.37,8.3,236.028,190000.0,186463.2530338505,80498.9238564916,79000.48004213504,86860.48619278256
4.32,8.3,236.028,190000.0,186463.2530338505,80498.9238564916,79000.48004213504,88521.31466798185
4.4,8.3,236.028,197000.0,186463.2530338505,83464.67368278341,79000.48004213504,90069.17308446197
4.41,7.5,236.468,194900.0,187383.04422287943,82421.30013363331,79242.45319573027,89263.90959081761
4.34,7.5,236.468,194000.0,187383.04422287943,82040.69895292386,79242.45319573027,87579.6848815569
4.27,7.5,236.468,197250.0,187383.04422287943,83415.09210548573,79242.45319573027,88421.79723618725
4.33,7.5,236.468,195000.0,187383.04422287943,82463.58915371214,79242.45319573027,86316.51634961137
4.29,7.5,236.918,200000.0,188391.87097772717,84417.39335972784,79517.75339050945,88421.79723618725
4.21,7.5,236.918,198000.0,188391.87097772717,83573.21942613056,79517.75339050945,87383.13821275163
4.2,7.5,236.918,200000.0,188391.87097772717,84417.39335972784,79517.75339050945,87130.46407816053
4.14,7.5,236.918,200535.0,188391.87097772717,84643.20988696511,79517.75339050945,86498.7787416828
4.12,7.5,236.918,207000.0,188391.87097772717,87372.00212731831,79517.75339050945,88435.94710688115
4.14,7.5,237.231,203650.0,189158.4615600469,85844.59872445001,79735.97951365839,84232.15721943599
4.2,7.5,237.231,206060.0,189158.4615600469,86860.48619278256,79735.97951365839,84288.58373653027
4.17,7.5,237.231,210000.0,189158.4615600469,88521.31466798185,79735.97951365839,84218.68223027914
4.14,7.5,237.231,213672.0,189158.4615600469,90069.17308446197,79735.97951365839,84218.68223027914
4.12,7.4,237.498,212000.0,189515.436622612,89263.90959081761,79796.64528653378,84488.05963863034
4.15,7.4,237.498,208000.0,189515.436622612,87579.6848815569,79796.64528653378,84235.35357789663
4.13,7.4,237.498,210000.0,189515.436622612,88421.79723618725,79796.64528653378,84235.35357789663
4.13,7.4,237.498,205000.0,189515.436622612,86316.51634961137,79796.64528653378,83814.17681000715
4.12,7.4,237.498,210000.0,189622.37364989344,88421.79723618725,79841.67178245436,84825.00105294192
4.14,7.4,237.46,207500.0,189622.37364989344,87383.13821275163,79854.44860182492,83394.58948532173
4.12,7.4,237.46,206900.0,189622.37364989344,87130.46407816053,79854.44860182492,86504.09523045957
4.1,7.4,237.46,205400.0,189622.37364989344,86498.7787416828,79854.44860182492,86962.77792077913
4.1,7.4,237.46,210000.0,189622.37364989344,88435.94710688115,79854.44860182492,86363.71332306182
4.1,7.4,237.477,200032.0,189951.7881726046,84232.15721943599,79987.44643590941,86729.42451280836
4.12,7.4,237.477,200166.0,189951.7881726046,84288.58373653027,79987.44643590941,88888.1363967289
4.23,7.4,237.477,200000.0,189951.7881726046,84218.68223027914,79987.44643590941,86050.08796704536
4.2,7.4,237.477,200000.0,189951.7881726046,84218.68223027914,79987.44643590941,86476.07850153568
4.19,7.0,237.43,200600.0,190560.30453452587,84488.05963863034,80259.57315188723,84559.12109632924
4.12,7.0,237.43,200000.0,190560.30453452587,84235.35357789663,80259.57315188723,83068.1542256131
3.97,7.0,237.43,200000.0,190560.30453452587,84235.35357789663,80259.57315188723,83068.1542256131
3.92,7.0,237.43,199000.0,190560.30453452587,83814.17681000715,80259.57315188723,80733.57071835881
3.98,7.0,237.43,201400.0,191110.65012175648,84825.00105294192,80491.36592753927,83070.59513389025
4.02,7.0,236.983,197631.0,191110.65012175648,83394.58948532173,80643.1896472559,84940.2146663154
4.01,7.0,236.983,205000.0,191110.65012175648,86504.09523045957,80643.1896472559,87744.64396495312
3.99,7.0,236.983,206087.0,191110.65012175648,86962.77792077913,80643.1896472559,85813.81157405837
3.89,7.0,236.252,204036.0,191751.8259516916,86363.71332306182,81164.10695007516,86237.58348306608
3.93,7.0,236.252,204900.0,191751.8259516916,86729.42451280836,81164.10695007516,86873.24134657762
3.8,7.0,236.252,210000.0,191751.8259516916,88888.1363967289,81164.10695007516,87163.52510424789
3.87,7.1,234.747,202000.0,192390.68937618585,86050.08796704536,81956.61259832323,89322.7557128464
3.73,7.1,234.747,203000.0,192390.68937618585,86476.07850153568,81956.61259832323,86782.7721380735
3.66,7.1,234.747,198500.0,192390.68937618585,84559.12109632924,81956.61259832323,88899.42511705091
3.63,7.1,234.747,195000.0,192390.68937618585,83068.1542256131,81956.61259832323,88052.76392545995
3.66,7.1,234.747,195000.0,192390.68937618585,83068.1542256131,81956.61259832323,89746.08630864187
3.59,7.1,235.342,190000.0,193408.44641087527,80733.57071835881,82181.86571494899,88607.22106657778
3.69,7.1,235.342,195500.0,193408.44641087527,83070.59513389025,82181.86571494899,90505.94723229016
3.76,7.1,235.342,199900.0,193408.44641087527,84940.2146663154,82181.86571494899,90978.51907797856
3.8,7.1,235.342,206500.0,193408.44641087527,87744.64396495312,82181.86571494899,92826.61254593862
3.75,7.1,235.976,202500.0,194802.106848246,85813.81157405837,82551.66069780232,91518.44885696613
3.86,7.1,235.976,203500.0,194802.106848246,86237.58348306608,82551.66069780232,92570.38505072436
3.78,7.1,235.976,205000.0,194802.106848246,86873.24134657762,82551.66069780232,93201.5467669793
3.69,7.1,235.976,205685.0,194802.106848246,87163.52510424789,82551.66069780232,93622.32124448259
3.7,6.8,236.222,211000.0,196005.79307195876,89322.7557128464,82975.24916051797,94524.31165295714
3.66,6.8,236.222,205000.0,196005.79307195876,86782.7721380735,82975.24916051797,92213.71736810707
3.67,6.8,236.222,210000.0,196005.79307195876,88899.42511705091,82975.24916051797,93221.9766924053
3.65,6.8,236.222,208000.0,196005.79307195876,88052.76392545995,82975.24916051797,91163.44723862979
3.68,6.8,236.222,212000.0,197237.08533068595,89746.08630864187,83496.49284600331,92423.77139400254
3.8,6.8,237.001,210000.0,197237.08533068595,88607.22106657778,83222.04772582644,90533.66550016175
3.85,6.8,237.001,214500.0,197237.08533068595,90505.94723229016,83222.04772582644,91583.94004192697
3.84,6.8,237.001,215620.0,197237.08533068595,90978.51907797856,83222.04772582644,91373.88513357393
3.87,6.8,237.001,220000.0,197237.08533068595,92826.61254593862,83222.04772582644,90323.6105918087
3.87,6.8,237.657,217500.0,198067.24162817933,91518.44885696613,83341.64010661555,90527.07812276315
4.04,6.8,237.657,220000.0,198067.24162817933,92570.38505072436,83341.64010661555,89263.90959081761
4.0,6.8,237.657,221500.0,198067.24162817933,93201.5467669793,83341.64010661555,89895.49385679039
4.02,6.8,237.657,222500.0,198067.24162817933,93622.32124448259,83341.64010661555,89474.4376794752
4.08,7.3,238.034,225000.0,198576.60824370783,94524.31165295714,83423.63202051297,90016.951790454
4.04,7.3,238.034,219500.0,198576.60824370783,92213.71736810707,83423.63202051297,87703.432001447
4.09,7.3,238.034,221900.0,198576.60824370783,93221.9766924053,83423.63202051297,88334.39194390345
4.04,7.3,238.034,217000.0,198576.60824370783,91163.44723862979,83423.63202051297,88292.32794773969
3.98,7.3,238.034,220000.0,199286.17122793177,92423.77139400254,83721.72514343825,89596.31182881637
3.91,7.3,238.033,215500.0,199286.17122793177,90533.66550016175,83722.07686662428,86968.57787468962
3.94,7.3,238.033,218000.0,199286.17122793177,91583.94004192697,83722.07686662428,88228.99204678657
3.93,7.3,238.033,217500.0,199286.17122793177,91373.88513357393,83722.07686662428,90539.75136229765
3.84,7.3,238.033,215000.0,199286.17122793177,90323.6105918087,83722.07686662428,91446.87312048655
3.89,7.3,237.498,215000.0,199866.38823755103,90527.07812276315,84154.97740509437,91478.41740234941
3.9,7.3,237.498,212000.0,199866.38823755103,89263.90959081761,84154.97740509437,92487.83442196155
3.91,7.3,237.498,213500.0,199866.38823755103,89895.49385679039,84154.97740509437,91478.41740234941
3.86,7.3,237.498,212500.0,199866.38823755103,89474.4376794752,84154.97740509437,92109.30303960701
3.85,7.0,237.733,214000.0,200386.719789308,90016.951790454,84290.66212486612,87102.14936125091
3.76,7.0,237.733,208500.0,200386.719789308,87703.432001447,84290.66212486612,88364.49935199367
3.82,7.0,237.733,210000.0,200386.719789308,88334.39194390345,84290.66212486612,87943.71602174609
3.79,7.0,237.733,209900.0,200386.719789308,88292.32794773969,84290.66212486612,87522.9326914985
3.76,7.0,237.733,213000.0,200386.719789308,89596.31182881637,84290.66212486612,85756.9016078471
3.87,7.0,238.017,207000.0,201006.63630280088,86968.57787468962,84450.53769386257,85532.74682306939
3.98,7.0,238.017,210000.0,201006.63630280088,88228.99204678657,84450.53769386257,86796.77756429704
3.97,7.0,238.017,215500.0,201006.63630280088,90539.75136229765,84450.53769386257,88482.15188593387
3.93,7.0,237.761,217425.0,202096.37925833723,91446.87312048655,84999.80201056406,88205.64516129032
3.95,7.0,237.761,217500.0,202096.37925833723,91478.41740234941,84999.80201056406,88205.64516129032
3.97,7.0,237.761,219900.0,202096.37925833723,92487.83442196155,84999.80201056406,88521.9254032258
3.96,7.0,237.761,217500.0,202096.37925833723,91478.41740234941,84999.80201056406,90305.77956989247
4.01,7.0,237.761,219000.0,202953.5807573755,92109.30303960701,85360.33275321667,91355.84677419355
3.97,7.0,237.652,207000.0,202953.5807573755,87102.14936125091,85399.48359676145,89500.90379594297
3.92,7.0,237.652,210000.0,202953.5807573755,88364.49935199367,85399.48359676145,90379.59429604339
3.81,7.0,237.652,209000.0,202953.5807573755,87943.71602174609,85399.48359676145,91600.13724308764
3.79,7.0,237.652,208000.0,202953.5807573755,87522.9326914985,85399.48359676145,92053.29048671086
3.72,7.0,237.336,203532.0,204057.94143409524,85756.9016078471,85978.50365477434,91794.4372320575
3.65,7.0,237.336,203000.0,204057.94143409524,85532.74682306939,85978.50365477434,91836.18095067145
3.65,7.0,237.336,206000.0,204057.94143409524,86796.77756429704,85978.50365477434,93088.4925090897
3.62,7.0,237.336,210000.0,204057.94143409524,88482.15188593387,85978.50365477434,93923.36688136854
3.64,7.0,238.08,210000.0,205221.8602279707,88205.64516129032,86198.69801242049,94495.92460307547
3.68,7.0,238.08,210000.0,205221.8602279707,88205.64516129032,86198.69801242049,93871.50219380406
3.73,7.0,238.08,210753.0,205221.8602279707,88521.9254032258,86198.69801242049,95744.76942161833
3.71,7.0,238.08,215000.0,205221.8602279707,90305.77956989247,86198.69801242049,95744.76942161833
3.71,7.0,238.08,217500.0,206763.06786671243,91355.84677419355,86846.04665100489,97709.20232118623
3.59,6.7,238.992,213900.0,206763.06786671243,89500.90379594297,86514.63976480905,94127.05486441123
3.58,6.7,238.992,216000.0,206763.06786671243,90379.59429604339,86514.63976480905,95376.5290440273
3.59,6.7,238.992,218917.0,206763.06786671243,91600.13724308764,86514.63976480905,94501.89711829605
3.66,6.7,238.992,220000.0,206763.06786671243,92053.29048671086,86514.63976480905,94960.03765082195
3.61,6.7,239.557,219900.0,208001.40615304653,91794.4372320575,86827.5216975695,93537.59171880523
3.57,6.7,239.557,220000.0,208001.40615304653,91836.18095067145,86827.5216975695,93537.59171880523
3.58,6.7,239.557,223000.0,208001.40615304653,93088.4925090897,86827.5216975695,94369.03697852793
3.64,6.7,239.557,225000.0,208001.40615304653,93923.36688136854,86827.5216975695,94369.03697852793
3.66,6.7,240.222,227000.0,209007.96433174104,94495.92460307547,87006.17109662772,93500.18243938037
3.6,6.7,240.222,225500.0,209007.96433174104,93871.50219380406,87006.17109662772,92707.40040468372
3.54,6.7,240.222,230000.0,209007.96433174104,95744.76942161833,87006.17109662772,93251.40146614921
3.56,6.7,240.222,230000.0,209007.96433174104,95744.76942161833,87006.17109662772,92878.23000630246
3.48,6.7,240.222,234719.0,209775.516309294,97709.20232118623,87325.68886667083,93292.86496168774
3.41,6.8,240.101,226000.0,209775.516309294,94127.05486441123,87369.69704803146,91833.82214849777
3.42,6.8,240.101,229000.0,209775.516309294,95376.5290440273,87369.69704803146,92247.48801403155
3.45,6.8,240.101,226900.0,209775.516309294,94501.89711829605,87369.69704803146,92216.4630741165
3.48,6.8,240.101,228000.0,209775.516309294,94960.03765082195,87369.69704803146,93074.81974509908
3.43,6.8,240.545,225000.0,210378.2709774828,93537.59171880523,87459.00807644425,92138.86111409517
3.45,6.8,240.545,225000.0,210378.2709774828,93537.59171880523,87459.00807644425,92552.03986348573
3.43,6.8,240.545,227000.0,210378.2709774828,94369.03697852793,87459.00807644425,94204.75486104799
3.43,6.8,240.545,227000.0,210378.2709774828,94369.03697852793,87459.00807644425,94173.60089351582
3.46,6.8,241.176,225500.0,211109.81680978584,93500.18243938037,87533.50947431994,92731.11685357138
3.44,6.8,241.176,223588.0,211109.81680978584,92707.40040468372,87533.50947431994,94750.5945094936
3.5,6.8,241.176,224900.0,211109.81680978584,93251.40146614921,87533.50947431994,93761.46259638884
3.48,6.8,241.176,224000.0,211109.81680978584,92878.23000630246,87533.50947431994,94173.60089351582
3.42,6.8,241.176,225000.0,212021.1315384037,93292.86496168774,87911.37241616234,91331.51080790418
3.42,6.9,241.741,222000.0,212021.1315384037,91833.82214849777,87705.90488928385,90715.79275751382
3.47,6.9,241.741,223000.0,212021.1315384037,92247.48801403155,87705.90488928385,90305.31405725356
3.52,6.9,241.741,222925.0,212021.1315384037,92216.4630741165,87705.90488928385,90305.31405725356
3.47,6.9,241.741,225000.0,212021.1315384037,93074.81974509908,87705.90488928385,90161.71733481964
3.54,6.9,242.026,223000.0,213048.798904202,92138.86111409517,88027.23629039938,88932.23937116301
3.57,6.9,242.026,224000.0,213048.798904202,92552.03986348573,88027.23629039938,90981.36931059072
3.94,6.9,242.026,228000.0,213048.798904202,94204.75486104799,88027.23629039938,90546.95376343204
4.08,6.9,242.637,228500.0,214003.0912542478,94173.60089351582,88198.86960943624,92809.11223000345
4.13,6.9,242.637,225000.0,214003.0912542478,92731.11685357138,88198.86960943624,91228.90459711675
4.16,6.9,242.637,229900.0,214003.0912542478,94750.5945094936,88198.86960943624,92253.94846899448
4.3,6.9,242.637,227500.0,214003.0912542478,93761.46259638884,88198.86960943624,92253.94846899448
4.32,6.9,242.637,228500.0,214003.0912542478,94173.60089351582,88198.86960943624,94338.88770439374
4.2,7.0,243.618,222500.0,214994.9688214092,91331.51080790418,88250.85536430361,93368.76978455565
4.12,7.0,243.618,221000.0,214994.9688214092,90715.79275751382,88250.85536430361,94187.79408091141
4.09,7.0,243.618,220000.0,214994.9688214092,90305.31405725356,88250.85536430361,93164.01371046671
4.19,7.0,243.618,220000.0,214994.9688214092,90305.31405725356,88250.85536430361,96235.35482180079
4.19,7.0,244.006,220000.0,216371.42348395265,90161.71733481964,88674.63237951224,94260.74982377338
4.17,7.0,244.006,217000.0,216371.42348395265,88932.23937116301,88674.63237951224,94260.74982377338
4.15,7.0,244.006,222000.0,216371.42348395265,90981.36931059072,88674.63237951224,96309.8965590728
4.16,7.0,244.006,220940.0,216371.42348395265,90546.95376343204,88674.63237951224,97539.38460025245
4.1,7.0,243.892,226354.0,217991.4368965148,92809.11223000345,89380.31460503617,98294.99146062261
4.21,7.0,243.892,222500.0,217991.4368965148,91228.90459711675,89380.31460503617,98294.99146062261
4.3,7.0,243.892,225000.0,217991.4368965148,92253.94846899448,89380.31460503617,99318.89762167077
4.23,7.0,243.892,225000.0,217991.4368965148,92253.94846899448,89380.31460503617,98294.99146062261
4.14,7.0,243.892,230085.0,219763.2291038185,94338.88770439374,90106.78050277111,102349.6598583733
4.1,7.3,244.193,228000.0,219763.2291038185,93368.76978455565,89995.71204081136,97362.05336488661
4.08,7.3,244.193,230000.0,219763.2291038185,94187.79408091141,89995.71204081136,98304.55734657697
3.97,7.3,244.193,227500.0,219763.2291038185,93164.01371046671,89995.71204081136,98262.79565842214
4.03,7.3,244.193,235000.0,219763.2291038185,96235.35482180079,89995.71204081136,98467.50981604385
4.02,7.3,244.004,230000.0,221176.2824314631,94260.74982377338,90644.53141401907,97478.21015323249
4.05,7.3,244.004,230000.0,221176.2824314631,94260.74982377338,90644.53141401907,97478.21015323249
4.02,7.3,244.004,235000.0,221176.2824314631,96309.8965590728,90644.53141401907,97886.06877312048
3.95,7.3,244.004,238000.0,221176.2824314631,97539.38460025245,90644.53141401907,97682.13946317649
3.94,7.3,244.163,240000.0,222348.5146277319,98294.99146062261,91065.60561089596,97886.06877312048
3.89,7.3,244.163,240000.0,222348.5146277319,98294.99146062261,91065.60561089596,94913.46602552397
3.91,7.3,244.163,242500.0,222348.5146277319,99318.89762167077,91065.60561089596,96171.40422423763
3.9,7.3,244.163,240000.0,222348.5146277319,98294.99146062261,91065.60561089596,95552.17400125794
3.88,7.3,244.163,249900.0,223056.31771816104,102349.6598583733,91355.49518893569,97388.76377137988
3.96,7.5,244.243,237800.0,223056.31771816104,97362.05336488661,91325.57236774894,93258.61831274885
4.03,7.5,244.243,240102.0,223056.31771816104,98304.55734657697,91325.57236774894,94475.03507334994
3.96,7.5,244.243,240000.0,223056.31771816104,98262.79565842214,91325.57236774894,95285.97958041732
3.92,7.5,244.243,240500.0,223056.31771816104,98467.50981604385,91325.57236774894,95691.451833951
3.93,7.5,245.183,239000.0,223832.358864794,97478.21015323249,91291.95697287087,95032.43234499604
3.9,7.5,245.183,239000.0,223832.358864794,97478.21015323249,91291.95697287087,94021.44902217694
3.89,7.5,245.183,240000.0,223832.358864794,97886.06877312048,91291.95697287087,96245.61233237897
3.86,7.5,245.183,239500.0,223832.358864794,97682.13946317649,91291.95697287087,97054.39899063425
3.82,7.5,245.183,240000.0,224850.5264423295,97886.06877312048,91707.2253958592,96314.8443332459
3.78,7.5,246.435,233900.0,224850.5264423295,94913.46602552397,91241.31168151012,96809.99172736627
3.78,7.5,246.435,237000.0,224850.5264423295,96171.40422423763,91241.31168151012,96648.57448396925
3.83,7.5,246.435,235474.0,224850.5264423295,95552.17400125794,91241.31168151012,99231.25037832165
3.83,7.5,246.435,240000.0,224850.5264423295,97388.76377137988,91241.31168151012,92866.93494892318
3.85,6.9,246.626,230000.0,225866.50036680533,93258.61831274885,91582.59890149672,94355.21803628646
3.91,6.9,246.626,233000.0,225866.50036680533,94475.03507334994,91582.59890149672,94475.0204025842
3.88,6.9,246.626,235000.0,225866.50036680533,95285.97958041732,91582.59890149672,92651.85351949603
3.94,6.9,246.626,236000.0,225866.50036680533,95691.451833951,91582.59890149672,94010.96059557647
3.94,6.9,247.284,235000.0,226947.8195399508,95032.43234499604,91776.1842820202,93088.89147246422
3.9,6.9,247.284,232500.0,226947.8195399508,94021.44902217694,91776.1842820202,95213.65945180986
3.95,6.9,247.284,238000.0,226947.8195399508,96245.61233237897,91776.1842820202,95193.61447087264
3.9,6.9,247.284,240000.0,228233.27536666387,97054.39899063425,92296.01404323122,96561.83763988444
3.94,6.9,247.805,238673.0,228233.27536666387,96314.8443332459,92101.96540290304,95159.487300716
3.93,6.9,247.805,239900.0,228233.27536666387,96809.99172736627,92101.96540290304,96161.16611440775
3.94,6.9,247.805,239500.0,228233.27536666387,96648.57448396925,92101.96540290304,96121.09896186009
3.99,6.9,247.805,245900.0,228233.27536666387,99231.25037832165,92101.96540290304,100167.88136917475
3.95,7.0,248.743,231000.0,229323.86050929737,92866.93494892318,92193.09106559677,95943.9687222662
3.99,7.0,248.743,234702.0,229323.86050929737,94355.21803628646,92193.09106559677,97742.9181358087
4.04,7.0,248.743,235000.0,229323.86050929737,94475.0204025842,92193.09106559677,97702.94148217441
4.15,7.0,248.743,230465.0,229323.86050929737,92651.85351949603,92193.09106559677,97942.80140398008
4.22,7.0,249.439,234500.0,230991.41345763663,94010.96059557647,92604.36958841105,97695.58057094095
4.32,7.0,249.439,232200.0,230991.41345763663,93088.89147246422,92604.36958841105,97695.58057094095
4.38,7.0,249.439,237500.0,230991.41345763663,95213.65945180986,92604.36958841105,98891.85298609533
4.4,7.0,249.439,237450.0,230991.41345763663,95193.61447087264,92604.36958841105,98891.85298609533
4.43,7.0,249.581,241000.0,232790.1298373849,96561.83763988444,93272.37643786383,101085.01908054503
4.46,7.0,249.581,237500.0,232790.1298373849,95159.487300716,93272.37643786383,99514.96905837097
4.44,7.0,249.581,240000.0,232790.1298373849,96161.16611440775,93272.37643786383,101147.66763035704
4.45,7.0,249.581,239900.0,232790.1298373849,96121.09896186009,93272.37643786383,101506.06487786619
4.44,7.0,249.581,250000.0,232790.1298373849,100167.88136917475,93272.37643786383,103138.76344985227
4.4,6.8,250.146,240000.0,234461.9195549617,95943.9687222662,93730.02948476558,99274.63861246285
4.42,6.8,250.146,244500.0,234461.9195549617,97742.9181358087,93730.02948476558,99473.5857840309
4.47,6.8,250.146,244400.0,234461.9195549617,97702.94148217441,93730.02948476558,99473.5857840309
4.58,6.8,250.146,245000.0,234461.9195549617,97942.80140398008,93730.02948476558,99473.5857840309
4.55,6.8,250.779,245000.0,236001.55369633224,97695.58057094095,94107.38287349907,99265.53829409451
4.55,6.8,250.779,245000.0,236001.55369633224,97695.58057094095,94107.38287349907,98113.59727347478
4.61,6.8,250.779,248000.0,236001.55369633224,98891.85298609533,94107.38287349907,99305.26039825381
4.66,6.8,250.779,248000.0,236001.55369633224,98891.85298609533,94107.38287349907,98510.81831506778
4.56,6.8,250.779,253500.0,237048.51285390285,101085.01908054503,94524.86566016407,99285.39934617416
4.54,6.8,251.118,249900.0,237048.51285390285,99514.96905837097,94397.26059219286,95147.85580342454
4.62,6.8,251.118,254000.0,237048.51285390285,101147.66763035704,94397.26059219286,97090.45785941112
4.57,6.8,251.118,254900.0,237048.51285390285,101506.06487786619,94397.26059219286,96769.33384607456
4.55,6.8,251.118,259000.0,237048.51285390285,103138.76344985227,94397.26059219286,98081.58135736345
4.52,7.1,251.323,249500.0,237662.43031509468,99274.63861246285,94564.53659835935,94517.9584120983
4.53,7.1,251.323,250000.0,237662.43031509468,99473.5857840309,94564.53659835935,94913.43104143762
4.52,7.1,251.323,250000.0,237662.43031509468,99473.5857840309,94564.53659835935,96890.79418813424
4.54,7.1,251.323,250000.0,237662.43031509468,99473.5857840309,94564.53659835935,96099.84892945559
4.6,7.1,251.749,249900.0,238283.82254094136,99265.53829409451,94651.34818447793,96969.40911987398
4.59,7.1,251.749,247000.0,238283.82254094136,98113.59727347478,94651.34818447793,95782.02860003879
4.53,7.1,251.749,250000.0,238283.82254094136,99305.26039825381,94651.34818447793,97958.89288640331
4.51,7.1,251.749,248000.0,238283.82254094136,98510.81831506778,94651.34818447793,98948.37665293264
4.52,7.1,251.749,249950.0,238848.30412240885,99285.39934617416,94875.57214622853,96970.5128865061
4.54,7.1,252.239,240000.0,238848.30412240885,95147.85580342454,94691.26666471436,98158.3917703751
4.6,7.1,252.239,244900.0,238848.30412240885,97090.45785941112,94691.26666471436,97802.0281052144
4.65,7.1,252.239,244090.0,238848.30412240885,96769.33384607456,94691.26666471436,98989.90698908339
4.72,7.1,252.239,247400.0,238848.30412240885,98081.58135736345,94691.26666471436,97041.23262169762
4.71,6.6,252.862,239000.0,239385.1048591637,94517.9584120983,94670.25684332312,95852.97263041153
4.9,6.6,252.862,240000.0,239385.1048591637,94913.43104143762,94670.25684332312,95595.51629896622
4.85,6.6,252.862,245000.0,239385.1048591637,96890.79418813424,94670.25684332312,95060.79930288748
4.86,6.6,252.862,243000.0,239385.1048591637,96099.84892945559,94670.25684332312,97437.31928545966
4.83,6.6,252.657,245000.0,240118.6607750941,96969.40911987398,95037.40675108708,92835.8385841547
4.94,6.6,252.657,242000.0,240118.6607750941,95782.02860003879,95037.40675108708,94811.0691923282
4.94,6.6,252.657,247500.0,240118.6607750941,97958.89288640331,95037.40675108708,96277.87544195785
4.81,6.6,252.657,250000.0,240983.4949838773,98948.37665293264,95379.70251521916,98761.53040867521
4.75,6.6,252.551,244900.0,240983.4949838773,96970.5128865061,95419.73501743303,96353.13226335475
4.63,6.6,252.551,247900.0,240983.4949838773,98158.3917703751,95419.73501743303,97532.96653596725
4.62,6.6,252.551,247000.0,240983.4949838773,97802.0281052144,95419.73501743303,97532.96653596725
4.55,6.6,252.551,250000.0,240983.4949838773,98989.90698908339,95419.73501743303,100285.9131720631
4.51,7.0,252.47,245000.0,241814.3947576175,97041.23262169762,95779.4568691795,97584.68116458891
4.45,7.0,252.47,242000.0,241814.3947576175,95852.97263041153,95779.4568691795,97976.5875146475
4.45,7.0,252.47,241350.0,241814.3947576175,95595.51629896622,95779.4568691795,99936.11926494044
4.45,7.0,252.47,240000.0,241814.3947576175,95060.79930288748,95779.4568691795,98760.40021476467
4.46,7.0,252.47,246000.0,242800.50999954384,97437.31928545966,96170.04396543899,101047.6843239009
4.41,7.0,253.135,235000.0,242800.50999954384,92835.8385841547,95917.3998062472,99872.71125036718
4.37,7.0,253.135,240000.0,242800.50999954384,94811.0691923282,95917.3998062472,101243.51316948987
4.35,7.0,253.135,243713.0,242800.50999954384,96277.87544195785,95917.3998062472,101830.99970625674
4.35,7.0,253.135,250000.0,243952.74670373093,98761.53040867521,96372.58644744146,104572.60354450211
4.41,7.0,254.273,245000.0,243952.74670373093,96353.13226335475,95941.27048633985,101816.64388845595
4.31,7.0,254.273,248000.0,243952.74670373093,97532.96653596725,95941.27048633985,103774.65627092627
4.28,7.0,254.273,248000.0,243952.74670373093,97532.96653596725,95941.27048633985,103774.65627092627
4.06,7.0,254.273,255000.0,243952.74670373093,100285.9131720631,95941.27048633985,105732.66865339655
4.08,6.8,255.163,249000.0,245112.69866031452,97584.68116458891,96061.2230849749,101602.1883548261
4.12,6.8,255.163,250000.0,245112.69866031452,97976.5875146475,96061.2230849749,103516.99882766706
4.17,6.8,255.163,255000.0,245112.69866031452,99936.11926494044,96061.2230849749,102383.74364986322
4.2,6.8,255.163,252000.0,245112.69866031452,98760.40021476467,96061.2230849749,103131.0138614016
4.14,6.8,255.325,258000.0,246222.83334095552,101047.6843239009,96435.06642160208,101101.1831570894
4.1,6.8,255.325,255000.0,246222.83334095552,99872.71125036718,96435.06642160208,102002.50606021572
4.07,6.8,255.325,258500.0,246222.83334095552,101243.51316948987,96435.06642160208,101491.53521561097
4.06,6.8,255.325,260000.0,246222.83334095552,101830.99970625674,96435.06642160208,103441.34374792626
3.99,6.8,255.325,267000.0,246903.64821117936,104572.60354450211,96701.71280179355,99378.01056914372
3.82,6.8,255.361,260000.0,246903.64821117936,101816.64388845595,96688.08009491635,100880.37225833606
3.82,6.8,255.361,265000.0,246903.64821117936,103774.65627092627,96688.08009491635,100547.16363466304
3.84,6.8,255.361,265000.0,246903.64821117936,103774.65627092627,96688.08009491635,101326.59901167595
3.73,6.8,255.361,270000.0,246903.64821117936,105732.66865339655,96688.08009491635,100884.16470725404
3.75,6.8,255.9,260000.0,247214.0132690049,101602.1883548261,96605.71053888429,100464.42937370046
3.81,6.8,255.9,264900.0,247214.0132690049,103516.99882766706,96605.71053888429,100727.1526009988
3.75,6.8,255.9,262000.0,247214.0132690049,102383.74364986322,96605.71053888429,100658.75128738268
3.75,6.8,256.179,264200.0,247587.1270504827,103131.0138614016,96646.14470760005,101941.27591768523
3.6,6.8,256.179,259000.0,247587.1270504827,101101.1831570894,96646.14470760005,99158.61095163468
3.6,6.8,256.179,261309.0,247587.1270504827,102002.50606021572,96646.14470760005,101633.90072462644
3.55,6.8,256.179,260000.0,247587.1270504827,101491.53521561097,96646.14470760005,102409.73202786785
3.58,6.8,256.179,264995.0,247587.1270504827,103441.34374792626,96646.14470760005,101446.97459566411
3.49,6.8,256.596,255000.0,248045.60200980768,99378.01056914372,96667.75865945208,102608.5811750038
3.56,6.8,256.596,258855.0,248045.60200980768,100880.37225833606,96667.75865945208,103770.18775434344
3.73,6.8,256.596,258000.0,248045.60200980768,100547.16363466304,96667.75865945208,102608.5811750038
3.64,6.8,256.596,260000.0,248045.60200980768,101326.59901167595,96667.75865945208,101475.94343634268
3.65,6.4,257.305,259580.0,248523.27343981407,100884.16470725404,96587.03617878162,98847.23328256313
3.57,6.4,257.305,258500.0,248523.27343981407,100464.42937370046,96587.03617878162,100470.84837754462
3.69,6.4,257.305,259176.0,248523.27343981407,100727.1526009988,96587.03617878162,97416.90569888898
3.75,6.4,257.305,259000.0,248523.27343981407,100658.75128738268,96587.03617878162,100509.50587980609
3.78,6.4,257.305,262300.0,249024.92070198152,101941.27591768523,96781.99829073726,98452.93756539398
3.69,6.4,257.788,255619.0,249024.92070198152,99158.61095163468,96600.66438390518,101964.42567189304
3.75,6.4,257.788,262000.0,249024.92070198152,101633.90072462644,96600.66438390518,100383.38732157818
3.66,6.4,257.788,264000.0,249024.92070198152,102409.73202786785,96600.66438390518,103858.19688270974
3.68,6.4,258.263,262000.0,249940.9611716492,101446.97459566411,96777.68831448919,101950.69044990606
3.73,6.4,258.263,265000.0,249940.9611716492,102608.5811750038,96777.68831448919,102823.77549241763
3.73,6.4,258.263,268000.0,249940.9611716492,103770.18775434344,96777.68831448919,104545.54257935815
3.74,6.4,258.263,265000.0,249940.9611716492,102608.5811750038,96777.68831448919,106521.02337652275
3.72,6.6,258.682,262500.0,251097.16306695904,101475.94343634268,97067.89149108133,106589.76781962875
3.64,6.6,258.682,255700.0,251097.16306695904,98847.23328256313,97067.89149108133,105820.51902816934
3.65,6.6,258.682,259900.0,251097.16306695904,100470.84837754462,97067.89149108133,105390.98924613617
3.6,6.6,258.682,252000.0,251097.16306695904,97416.90569888898,97067.89149108133,105039.55578810905
3.51,6.6,258.682,260000.0,252548.0339730164,100509.50587980609,97628.76194440138,105390.98924613617
3.45,6.6,259.007,255000.0,252548.0339730164,98452.93756539398,97506.2581216015,101780.07689182009
3.47,6.6,259.007,264095.0,252548.0339730164,101964.42567189304,97506.2581216015,103147.56352952209
3.49,6.6,259.007,260000.0,252548.0339730164,100383.38732157818,97506.2581216015,103538.27399743695
3.45,6.6,259.007,269000.0,252548.0339730164,103858.19688270974,97506.2581216015,107406.30762979401
3.29,6.6,258.165,263201.0,254548.87954177483,101950.69044990606,98599.29872049845,103803.4033520335
3.36,6.6,258.165,265455.0,254548.87954177483,102823.77549241763,98599.29872049845,104542.07925603673
3.65,6.6,258.165,269900.0,254548.87954177483,104545.54257935815,98599.29872049845,106913.61768467871
3.5,6.6,258.165,275000.0,254548.87954177483,106521.02337652275,98599.29872049845,108468.7248510013
3.33,5.7,256.094,272970.0,256082.15431655568,106589.76781962875,99995.3744783383,110233.11402745385
3.33,5.7,256.094,271000.0,256082.15431655568,105820.51902816934,99995.3744783383,107912.41689003377
3.31,5.7,256.094,269900.0,256082.15431655568,105390.98924613617,99995.3744783383,110233.11402745385
3.33,5.7,256.094,269000.0,256082.15431655568,105039.55578810905,99995.3744783383,110194.43574183017
3.23,5.7,256.094,269900.0,256484.02654397424,105390.98924613617,100152.29819674582,112167.02830863724
3.26,5.7,255.944,260500.0,256484.02654397424,101780.07689182009,100210.99402368262,109022.26673857772
3.28,5.7,255.944,264000.0,256484.02654397424,103147.56352952209,100210.99402368262,110139.45604437937
3.24,5.7,255.944,265000.0,256484.02654397424,103538.27399743695,100210.99402368262,110948.45519685646
3.15,5.7,255.944,274900.0,256484.02654397424,107406.30762979401,100210.99402368262,111911.54942599585
3.18,5.7,257.217,267000.0,257556.85714575683,103803.4033520335,100132.1285707231,110688.34313386372
3.21,5.7,257.217,268900.0,257556.85714575683,104542.07925603673,100132.1285707231,111418.5787309274
3.13,5.7,257.217,275000.0,257556.85714575683,106913.61768467871,100132.1285707231,112335.60090702947
3.13,5.7,257.217,279000.0,257556.85714575683,108468.7248510013,100132.1285707231,111457.01218340444
3.07,6.4,258.543,285000.0,259542.82139580583,110233.11402745385,100386.71377519633,112347.8982300885
3.03,6.4,258.543,279000.0,259542.82139580583,107912.41689003377,100386.71377519633,110619.46902654867
2.98,6.4,258.543,285000.0,259542.82139580583,110233.11402745385,100386.71377519633,112731.99360865292
3.01,6.4,258.543,284900.0,259542.82139580583,110194.43574183017,100386.71377519633,112539.94591937072
2.99,6.4,258.543,290000.0,261806.2793348352,112167.02830863724,101262.1805018257,114844.51819075714
2.88,6.4,259.58,283000.0,261806.2793348352,109022.26673857772,100857.64671193283,111230.012158591
2.96,6.4,259.58,285900.0,261806.2793348352,110139.45604437937,100857.64671193283,113147.77098891152
2.99,6.4,259.58,288000.0,261806.2793348352,110948.45519685646,100857.64671193283,113914.87452103972
2.91,6.4,259.58,290500.0,261806.2793348352,111911.54942599585,100857.64671193283,112783.10470859903
2.93,6.4,260.19,288000.0,264354.3949518218,110688.34313386372,101600.52075476454,111636.15788105396
2.86,6.4,260.19,289900.0,264354.3949518218,111418.5787309274,101600.52075476454,112783.10470859903
2.87,6.4,260.19,292286.0,264354.3949518218,112335.60090702947,101600.52075476454,112783.10470859903
2.9,6.4,260.19,290000.0,264354.3949518218,111457.01218340444,101600.52075476454,110871.52666269058
2.88,6.5,260.352,292500.0,267300.7676517395,112347.8982300885,102668.98954175097,109267.73455377575
2.87,6.5,260.352,288000.0,267300.7676517395,110619.46902654867,102668.98954175097,110602.59344012204
2.81,6.5,260.352,293500.0,267300.7676517395,112731.99360865292,102668.98954175097,108695.65217391305
2.8,6.5,260.352,293000.0,267300.7676517395,112539.94591937072,102668.98954175097,110221.20518688025
2.81,6.5,260.352,299000.0,267300.7676517395,114844.51819075714,102668.98954175097,108222.64245517303
2.78,6.5,260.721,290000.0,270261.0253627598,111230.012158591,103659.0935761829,110083.31244826198
2.84,6.5,260.721,295000.0,270261.0253627598,113147.77098891152,103659.0935761829,113918.5710054453
2.72,6.5,260.721,297000.0,270261.0253627598,113914.87452103972,103659.0935761829,113918.5710054453
2.71,6.5,261.564,295000.0,273018.0735227365,112783.10470859903,104379.07109645687,113195.58688138612
2.71,6.5,261.564,292000.0,273018.0735227365,111636.15788105396,104379.07109645687,113195.58688138612
2.67,6.5,261.564,295000.0,273018.0735227365,112783.10470859903,104379.07109645687,115082.1799960759
2.66,6.5,261.564,295000.0,273018.0735227365,112783.10470859903,104379.07109645687,116214.13586488974
2.67,6.5,261.564,290000.0,276717.47323882766,110871.52666269058,105793.40935252084,119971.73139577171
2.65,6.8,262.2,286500.0,276717.47323882766,109267.73455377575,105536.79376004107,116223.70438688247
2.79,6.8,262.2,290000.0,276717.47323882766,110602.59344012204,105536.79376004107,118098.28026409025
2.77,6.8,262.2,285000.0,276717.47323882766,108695.65217391305,105536.79376004107,118098.28026409025
2.73,6.8,262.2,289000.0,276717.47323882766,110221.20518688025,105536.79376004107,119972.85614129805
2.73,6.8,263.346,285000.0,280537.96893513924,108222.64245517303,106528.2817795369,118019.79903126966
2.73,6.8,263.346,289900.0,280537.96893513924,110083.31244826198,106528.2817795369,119881.31005699947
2.81,6.8,263.346,300000.0,280537.96893513924,113918.5710054453,106528.2817795369,120998.21667243737
2.97,6.8,263.346,300000.0,280537.96893513924,113918.5710054453,106528.2817795369,120998.21667243737
3.02,6.8,265.028,300000.0,284857.48387976986,113195.58688138612,107482.0335510851,119946.11651381226
3.05,6.8,265.028,300000.0,284857.48387976986,113195.58688138612,107482.0335510851,119946.11651381226
3.09,6.8,265.028,305000.0,284857.48387976986,115082.1799960759,107482.0335510851,121791.44138325553
3.17,6.8,265.028,308000.0,284857.48387976986,116214.13586488974,107482.0335510851,121745.30826151944
3.18,6.2,266.727,319997.0,289760.8774656654,119971.73139577171,108635.75021113927,123078.50571672102
3.13,6.2,266.727,310000.0,289760.8774656654,116223.70438688247,108635.75021113927,121241.51309408339
3.04,6.2,266.727,315000.0,289760.8774656654,118098.28026409025,108635.75021113927,121608.91161861093
2.97,6.2,266.727,315000.0,289760.8774656654,118098.28026409025,108635.75021113927,121241.51309408339
2.98,6.2,266.727,320000.0,296300.0584156483,119972.85614129805,111087.38838424618,121608.91161861093
2.96,6.2,268.599,317000.0,296300.0584156483,118019.79903126966,110313.16513302295,119922.95636635274
2.94,6.2,268.599,322000.0,296300.0584156483,119881.31005699947,110313.16513302295,120838.03260439706
3.0,6.2,268.599,325000.0,296300.0584156483,120998.21667243737,110313.16513302295,120838.39878136307
2.95,6.2,268.599,325000.0,296300.0584156483,120998.21667243737,110313.16513302295,120106.04484935479
2.99,6.2,270.955,325000.0,302674.29453889537,119946.11651381226,111706.48061076393,120343.96493249797
2.96,6.2,270.955,325000.0,302674.29453889537,119946.11651381226,111706.48061076393,120343.96493249797
2.93,6.2,270.955,330000.0,302674.29453889537,121791.44138325553,111706.48061076393,120343.96493249797
3.02,6.2,270.955,329875.0,302674.29453889537,121745.30826151944,111706.48061076393,118520.57152442983
2.98,5.8,272.184,335000.0,307751.78037229244,123078.50571672102,113067.55002949931,120343.96493249797
2.9,5.8,272.184,330000.0,307751.78037229244,121241.51309408339,113067.55002949931,117827.83180881449
2.88,5.8,272.184,331000.0,307751.78037229244,121608.91161861093,113067.55002949931,119310.17028815215
2.78,5.8,272.184,330000.0,307751.78037229244,121241.51309408339,113067.55002949931,119310.17028815215
2.8,5.8,272.184,331000.0,307751.78037229244,121608.91161861093,113067.55002949931,120214.03521457755
2.77,5.8,273.092,327500.0,311887.86389911553,119922.95636635274,114206.15173608731,117584.12201461992
2.87,5.8,273.092,329999.0,311887.86389911553,120838.03260439706,114206.15173608731,120276.8881676265
2.86,5.8,273.092,330000.0,311887.86389911553,120838.39878136307,114206.15173608731,120659.98871936201
2.87,5.8,273.092,328000.0,311887.86389911553,120106.04484935479,114206.15173608731,118975.03266387268
2.87,5.8,274.214,330000.0,315278.34010161745,120343.96493249797,114975.28940959157,119946.02428906992
2.88,5.8,274.214,330000.0,315278.34010161745,120343.96493249797,114975.28940959157,118339.60432091274
2.86,5.8,274.214,330000.0,315278.34010161745,120343.96493249797,114975.28940959157,117804.13099819368
2.88,5.8,274.214,325000.0,315278.34010161745,118520.57152442983,114975.28940959157,116694.39192999755
3.01,5.8,274.214,330000.0,318648.55731884827,120343.96493249797,116204.33578112288,117049.08613039268
2.99,5.6,276.59,325900.0,318648.55731884827,117827.83180881449,115206.10192662364,115275.61512841703
3.05,5.6,276.59,330000.0,318648.55731884827,119310.17028815215,115206.10192662364,115275.61512841703
3.09,5.6,276.59,330000.0,318648.55731884827,119310.17028815215,115206.10192662364,116474.65356708024
3.14,5.6,276.59,332500.0,318648.55731884827,120214.03521457755,115206.10192662364,115067.10488349014
3.09,5.6,278.524,327500.0,322227.2760096188,117584.12201461992,115691.0269885607,120345.41244695299
3.1,5.6,278.524,335000.0,322227.2760096188,120276.8881676265,115691.0269885607,121401.07395964558
3.11,5.6,280.126,338000.0,327377.25088747,120659.98871936201,116867.85621023041,121651.1184951409
3.1,5.6,280.126,333280.0,327377.25088747,118975.03266387268,116867.85621023041,121651.1184951409
3.12,5.6,280.126,336000.0,327377.25088747,119946.02428906992,116867.85621023041,121651.1184951409
3.05,5.6,280.126,331500.0,327377.25088747,118339.60432091274,116867.85621023041,123388.99161650006
3.11,5.6,280.126,330000.0,332206.7901401756,117804.13099819368,118591.915830796,125126.8647378592
3.22,5.8,281.933,329000.0,332206.7901401756,116694.39192999755,117831.82179460213,126445.024128482
3.45,5.8,281.933,330000.0,332206.7901401756,117049.08613039268,117831.82179460213,127830.7230230407
3.56,5.8,281.933,325000.0,332206.7901401756,115275.61512841703,117831.82179460213,126445.024128482
3.55,5.8,281.933,325000.0,332206.7901401756,115275.61512841703,117831.82179460213,128177.14774668039
3.55,5.8,284.182,331000.0,338002.7476856817,116474.65356708024,118938.83063870393,126906.6880750942
3.69,5.8,284.182,327000.0,338002.7476856817,115067.10488349014,118938.83063870393,126940.99645251379
3.92,5.8,284.182,342000.0,338002.7476856817,120345.41244695299,118938.83063870393,126940.99645251379
3.89,5.8,284.182,345000.0,338002.7476856817,121401.07395964558,118938.83063870393,128656.41532349371
3.76,5.8,287.708,350000.0,344042.4331112295,121651.1184951409,119580.41942220218,126977.46234694985
3.85,5.8,287.708,350000.0,344042.4331112295,121651.1184951409,119580.41942220218,125284.42951565719
4.16,5.8,287.708,350000.0,344042.4331112295,121651.1184951409,119580.41942220218,126977.46234694985
4.42,5.8,287.708,355000.0,344042.4331112295,123388.99161650006,119580.41942220218,125284.42951565719
4.67,5.8,287.708,360000.0,350515.8417890226,125126.8647378592,121830.41201114413,125284.42951565719
4.72,5.6,288.663,365000.0,350515.8417890226,126445.024128482,121427.3536230908,122768.57530878413
